<?xml version="1.0" encoding="utf-8" ?>
<dwsync>
<file name="Information du compte.php" server="C:/wamp/www/mabibliotheque/" local="133041594174023534" remote="133041594170000000" />
<file name="Se connecter.php" server="C:/wamp/www/mabibliotheque/" local="133041062213617358" remote="133041062210000000" />
<file name="Connexion php google.php" server="C:/wamp/www/mabibliotheque/" local="133040342904503966" remote="133040342900000000" />
<file name="index-2.php" server="C:/wamp/www/mabibliotheque/" local="133041593269536664" remote="133041593260000000" />
<file name="index-b.php" server="C:/wamp/www/mabibliotheque/" local="133041621511117293" remote="133041621510000000" />
<file name="Creer un compte.php" server="C:/wamp/www/mabibliotheque/" local="133041116233718725" remote="133041116230000000" />
<file name="Parcourir la bibliotheque.php" server="C:/wamp/www/mabibliotheque/" local="133041594610000000" remote="133041594610000000" />
<file name="Modification du compte utilisateur.php" server="C:/wamp/www/mabibliotheque/" local="133041593796962072" remote="133041593790000000" />
<file name="pret en cours.php" server="C:/wamp/www/mabibliotheque/" local="133041596940283350" remote="133041596940000000" />
<file name="logout.php" server="C:/wamp/www/mabibliotheque/" local="133041590804938400" remote="133041590800000000" />
</dwsync>